category,hash
clickfix,T1FC85515505E234689353AB69B72FE4E8F737182B05849C57B84CBA80DFC5E1CCEE2972
seo_spam,T1B4B1E6E38123D40F128AF59E9F82F00D6539C384F6F08EA7E7D599A4F6043516BA468D
seo_spam,T175B1321FA889427E06DA0729372B319C6A1E812413B59D30DDEFE9D0318796F8677BDC
seo_spam,T10B42C76763C5137E0A5213A5778E72A4A778D03CA771C361A84D602D3F06D7E923EAEC
seo_spam,T19942C76763C5137E0A5213A5778E72A4A778D03CA771C361A84D602D3F06D7E923EAEC
seo_spam,T1BD42C76763C5137E0A5213A5778E72A4A778D03CA771C361A84D602D2F06D7E923EAEC
seo_spam,T17442C86763C5137E0A5213A5778E72A4A778D03CA771C361A84D602D2F06D7E923EAEC
seo_spam,T1AE42C96763C5137E0A5213A5778E72A4A778D03CA771C361684D602D3F06D7E923EAEC
seo_spam,T13442C86763C5137E0A5213A5778E72A4A778D03CA771C361A84D602D3F06D7E923EAEC
seo_spam,T14342D86763C5137E0A5213A5778E73A4A778D03CA771C361A84D602D2F06D7E923EAEC
seo_spam,T1B842C86763C5137E0A5213A5778E72B4A778D03CA771C361A84D602D2F06D7E923EAEC
seo_spam,T180B1621FA88D027E0E970329362B32DC5A1D812823B589349DEFE8D0314786F867B7DC
takeover_redirect,T172C1534516C6328A2B0A8FFF315FB8F1D0075D5549144A0AE105FDB8F8EACB2F5AADB0
webshell,T1F9831991FA8D48E1717398E42B8B61DEA86D813718008CD5BCCD79789F98D7D0228EFC
webshell,T13AB43BB171AA183930A3CCED67BB9F063515A007E5099000FDAC56E44FB5E96EE736F8
